Hechos Intradia,,,,,,
,,,,,,
"Razon Social: PLA ADMINISTRADORA INDUSTRIAL, S. DE R.L. DE C.V. (FIBRA TERRA)",,,,,,
Ticker: TERRA,,,,,,
Serie: 13,,,,,,
Fecha Inicial: 8/11/2014,,,,,,
Fecha Final: 8/15/2014,,,,,,
,,,,,,
Hechos,,,,,,
,,,,,,
FECHA,HORA,COMPRADOR,VENDEDOR,VOLUMEN,PRECIO,IMPORTE
8/11/2014,8:47:00 AM,GRUPO BURSATIL MEXICANO,VALORES FINAMEX,2500,29.6,74000
8/11/2014,8:47:00 AM,INTERACCIONES CASA DE BOL,VALORES FINAMEX,200,29.6,5920
8/11/2014,8:47:00 AM,VALORES FINAMEX,VALORES FINAMEX,1500,29.6,44400
8/11/2014,8:47:00 AM,GRUPO BURSATIL MEXICANO,VALORES FINAMEX,2500,29.6,74000
8/11/2014,8:47:00 AM,VALORES FINAMEX,VALORES FINAMEX,1500,29.6,44400
8/11/2014,8:47:00 AM,GRUPO BURSATIL MEXICANO,VALORES FINAMEX,1800,29.6,53280
8/11/2014,8:47:00 AM,INTERACCIONES CASA DE BOL,INTERACCIONES CASA DE BOL,5100,29.94,152694
8/11/2014,8:47:00 AM,INTERACCIONES CASA DE BOL,CITIBANK,960,29.95,28752
8/11/2014,8:47:00 AM,GRUPO BURSATIL MEXICANO,CITIBANK,800,29.95,23960
8/11/2014,8:48:00 AM,INTERACCIONES CASA DE BOL,VALORES FINAMEX,300,29.61,8883
8/11/2014,8:48:00 AM,GRUPO BURSATIL MEXICANO,VALORES FINAMEX,100,29.61,2961
8/11/2014,8:48:00 AM,GRUPO BURSATIL MEXICANO,VALORES FINAMEX,700,29.6,20720
8/11/2014,8:48:00 AM,VALORES FINAMEX,VALORES FINAMEX,1500,29.6,44400
8/11/2014,8:48:00 AM,GRUPO BURSATIL MEXICANO,VALORES FINAMEX,2500,29.6,74000
8/11/2014,8:48:00 AM,VALORES FINAMEX,VALORES FINAMEX,1500,29.6,44400
8/11/2014,8:48:00 AM,GRUPO BURSATIL MEXICANO,VALORES FINAMEX,2500,29.6,74000
8/11/2014,8:48:00 AM,VALORES FINAMEX,VALORES FINAMEX,900,29.6,26640
8/11/2014,8:56:00 AM,GRUPO BURSATIL MEXICANO,INTERACCIONES CASA DE BOL,300,29.86,8958
8/11/2014,9:02:00 AM,INTERACCIONES CASA DE BOL,MORGAN STANLEY MEXICO CAS,100,29.62,2962
8/11/2014,9:02:00 AM,GRUPO BURSATIL MEXICANO,INTERACCIONES CASA DE BOL,300,29.85,8955
8/11/2014,9:08:00 AM,GRUPO BURSATIL MEXICANO,MORGAN STANLEY MEXICO CAS,300,29.85,8955
8/11/2014,9:14:00 AM,GRUPO BURSATIL MEXICANO,MORGAN STANLEY MEXICO CAS,300,29.85,8955
8/11/2014,9:21:00 AM,GRUPO BURSATIL MEXICANO,MORGAN STANLEY MEXICO CAS,300,29.85,8955
8/11/2014,9:21:00 AM,INTERACCIONES CASA DE BOL,MORGAN STANLEY MEXICO CAS,100,29.76,2976
8/11/2014,9:27:00 AM,GRUPO BURSATIL MEXICANO,MORGAN STANLEY MEXICO CAS,100,29.85,2985
8/11/2014,9:27:00 AM,GRUPO BURSATIL MEXICANO,MORGAN STANLEY MEXICO CAS,100,29.85,2985
8/11/2014,9:27:00 AM,GRUPO BURSATIL MEXICANO,MORGAN STANLEY MEXICO CAS,100,29.85,2985
8/11/2014,9:33:00 AM,GRUPO BURSATIL MEXICANO,MORGAN STANLEY MEXICO CAS,100,29.85,2985
8/11/2014,9:41:00 AM,MORGAN STANLEY MEXICO CAS,MORGAN STANLEY MEXICO CAS,100,29.8,2980
8/11/2014,9:44:00 AM,GRUPO BURSATIL MEXICANO,MORGAN STANLEY MEXICO CAS,100,29.85,2985
8/11/2014,9:49:00 AM,MORGAN STANLEY MEXICO CAS,MORGAN STANLEY MEXICO CAS,100,29.8,2980
8/11/2014,9:51:00 AM,MORGAN STANLEY MEXICO CAS,MORGAN STANLEY MEXICO CAS,100,29.8,2980
8/11/2014,9:52:00 AM,MORGAN STANLEY MEXICO CAS,MORGAN STANLEY MEXICO CAS,100,29.8,2980
8/11/2014,9:53:00 AM,MORGAN STANLEY MEXICO CAS,MORGAN STANLEY MEXICO CAS,100,29.8,2980
8/11/2014,9:54:00 AM,MORGAN STANLEY MEXICO CAS,MORGAN STANLEY MEXICO CAS,100,29.75,2975
8/11/2014,9:55:00 AM,MERRILL LYNCH,MERRILL LYNCH,1000000,29.82,29820000
8/11/2014,9:55:00 AM,INTERACCIONES CASA DE BOL,MORGAN STANLEY MEXICO CAS,100,29.76,2976
8/11/2014,9:55:00 AM,VALORES FINAMEX,MORGAN STANLEY MEXICO CAS,400,29.85,11940
8/11/2014,9:55:00 AM,VALORES FINAMEX,MORGAN STANLEY MEXICO CAS,100,29.85,2985
8/11/2014,9:55:00 AM,VALORES FINAMEX,MORGAN STANLEY MEXICO CAS,100,29.85,2985
8/11/2014,9:55:00 AM,VALORES FINAMEX,MORGAN STANLEY MEXICO CAS,1000,29.85,29850
8/11/2014,9:56:00 AM,VALORES FINAMEX,MORGAN STANLEY MEXICO CAS,100,29.89,2989
8/11/2014,9:56:00 AM,VALORES FINAMEX,MORGAN STANLEY MEXICO CAS,400,29.89,11956
8/11/2014,9:56:00 AM,VALORES FINAMEX,MORGAN STANLEY MEXICO CAS,500,29.89,14945
8/11/2014,9:56:00 AM,VALORES FINAMEX,VECTOR CASA DE BOLSA,1540,29.9,46046
8/11/2014,9:56:00 AM,VALORES FINAMEX,CITIBANK,15860,29.9,474214
8/11/2014,9:56:00 AM,GRUPO BURSATIL MEXICANO,CITIBANK,300,29.9,8970
8/11/2014,9:59:00 AM,VECTOR CASA DE BOLSA,INTERACCIONES CASA DE BOL,2900,29.89,86681
8/11/2014,9:59:00 AM,VECTOR CASA DE BOLSA,MORGAN STANLEY MEXICO CAS,100,29.89,2989
8/11/2014,9:59:00 AM,GRUPO BURSATIL MEXICANO,CITIBANK,200,29.9,5980
8/11/2014,10:00:00 AM,GRUPO BURSATIL MEXICANO,CITIBANK,100,29.9,2990
8/11/2014,10:02:00 AM,GRUPO BURSATIL MEXICANO,CITIBANK,100,29.9,2990
8/11/2014,10:04:00 AM,GRUPO BURSATIL MEXICANO,CITIBANK,100,29.9,2990
8/11/2014,10:09:00 AM,VECTOR CASA DE BOLSA,MORGAN STANLEY MEXICO CAS,100,29.89,2989
8/11/2014,10:10:00 AM,VECTOR CASA DE BOLSA,MORGAN STANLEY MEXICO CAS,100,29.89,2989
8/11/2014,10:11:00 AM,VECTOR CASA DE BOLSA,MORGAN STANLEY MEXICO CAS,100,29.89,2989
8/11/2014,10:11:00 AM,GRUPO BURSATIL MEXICANO,CITIBANK,100,29.9,2990
8/11/2014,10:12:00 AM,VECTOR CASA DE BOLSA,MORGAN STANLEY MEXICO CAS,100,29.89,2989
8/11/2014,10:13:00 AM,VECTOR CASA DE BOLSA,MORGAN STANLEY MEXICO CAS,100,29.89,2989
8/11/2014,10:15:00 AM,VECTOR CASA DE BOLSA,MORGAN STANLEY MEXICO CAS,100,29.89,2989
8/11/2014,10:16:00 AM,VECTOR CASA DE BOLSA,MORGAN STANLEY MEXICO CAS,100,29.89,2989
8/11/2014,10:17:00 AM,VECTOR CASA DE BOLSA,CITIBANK,100,29.89,2989
8/11/2014,10:17:00 AM,VECTOR CASA DE BOLSA,MORGAN STANLEY MEXICO CAS,100,29.89,2989
8/11/2014,10:17:00 AM,VECTOR CASA DE BOLSA,INTERACCIONES CASA DE BOL,100,29.89,2989
8/11/2014,10:18:00 AM,VECTOR CASA DE BOLSA,MORGAN STANLEY MEXICO CAS,100,29.89,2989
8/11/2014,10:18:00 AM,VECTOR CASA DE BOLSA,C.B. VE POR MAS,419,29.89,12523.91
8/11/2014,10:19:00 AM,VECTOR CASA DE BOLSA,MORGAN STANLEY MEXICO CAS,100,29.89,2989
8/11/2014,10:20:00 AM,VECTOR CASA DE BOLSA,CITIBANK,9083,29.9,271581.7
8/11/2014,10:21:00 AM,VECTOR CASA DE BOLSA,MORGAN STANLEY MEXICO CAS,100,29.89,2989
8/11/2014,10:21:00 AM,VECTOR CASA DE BOLSA,INTERACCIONES CASA DE BOL,281,29.89,8399.09
8/11/2014,10:21:00 AM,VALORES FINAMEX,INTERACCIONES CASA DE BOL,619,29.89,18501.91
8/11/2014,10:21:00 AM,VALORES FINAMEX,INTERACCIONES CASA DE BOL,100,29.89,2989
8/11/2014,10:22:00 AM,VALORES FINAMEX,MORGAN STANLEY MEXICO CAS,100,29.89,2989
8/11/2014,10:22:00 AM,VALORES FINAMEX,INTERACCIONES CASA DE BOL,100,29.89,2989
8/11/2014,10:23:00 AM,VALORES FINAMEX,MORGAN STANLEY MEXICO CAS,100,29.89,2989
8/11/2014,10:24:00 AM,VALORES FINAMEX,MORGAN STANLEY MEXICO CAS,100,29.89,2989
8/11/2014,10:25:00 AM,VALORES FINAMEX,MORGAN STANLEY MEXICO CAS,100,29.89,2989
8/11/2014,10:26:00 AM,GRUPO BURSATIL MEXICANO,CITIBANK,200,29.9,5980
8/11/2014,10:29:00 AM,VALORES FINAMEX,MORGAN STANLEY MEXICO CAS,100,29.89,2989
8/11/2014,10:30:00 AM,VALORES FINAMEX,MORGAN STANLEY MEXICO CAS,100,29.89,2989
8/11/2014,10:31:00 AM,VALORES FINAMEX,MORGAN STANLEY MEXICO CAS,100,29.89,2989
8/11/2014,10:32:00 AM,VALORES FINAMEX,MORGAN STANLEY MEXICO CAS,100,29.89,2989
8/11/2014,10:34:00 AM,VALORES FINAMEX,MORGAN STANLEY MEXICO CAS,100,29.89,2989
8/11/2014,10:34:00 AM,VALORES FINAMEX,INTERACCIONES CASA DE BOL,100,29.89,2989
8/11/2014,10:35:00 AM,VALORES FINAMEX,MORGAN STANLEY MEXICO CAS,100,29.89,2989
8/11/2014,10:36:00 AM,VALORES FINAMEX,MORGAN STANLEY MEXICO CAS,100,29.89,2989
8/11/2014,10:37:00 AM,VALORES FINAMEX,MORGAN STANLEY MEXICO CAS,100,29.89,2989
8/11/2014,10:38:00 AM,VALORES FINAMEX,MORGAN STANLEY MEXICO CAS,100,29.89,2989
8/11/2014,10:40:00 AM,VALORES FINAMEX,MORGAN STANLEY MEXICO CAS,100,29.89,2989
8/11/2014,10:41:00 AM,VALORES FINAMEX,MORGAN STANLEY MEXICO CAS,100,29.89,2989
8/11/2014,10:43:00 AM,VALORES FINAMEX,MORGAN STANLEY MEXICO CAS,100,29.89,2989
8/11/2014,10:44:00 AM,VALORES FINAMEX,MORGAN STANLEY MEXICO CAS,100,29.89,2989
8/11/2014,10:44:00 AM,VALORES FINAMEX,INTERACCIONES CASA DE BOL,100,29.89,2989
8/11/2014,10:44:00 AM,VALORES FINAMEX,MORGAN STANLEY MEXICO CAS,100,29.89,2989
8/11/2014,10:45:00 AM,GRUPO BURSATIL MEXICANO,CITIBANK,100,29.9,2990
8/11/2014,10:46:00 AM,VALORES FINAMEX,MORGAN STANLEY MEXICO CAS,100,29.89,2989
8/11/2014,10:47:00 AM,VALORES FINAMEX,MORGAN STANLEY MEXICO CAS,100,29.89,2989
8/11/2014,10:48:00 AM,VALORES FINAMEX,MORGAN STANLEY MEXICO CAS,100,29.89,2989
8/11/2014,10:49:00 AM,VALORES FINAMEX,MORGAN STANLEY MEXICO CAS,100,29.89,2989
8/11/2014,10:50:00 AM,VALORES FINAMEX,MORGAN STANLEY MEXICO CAS,100,29.89,2989
8/11/2014,10:52:00 AM,VALORES FINAMEX,MORGAN STANLEY MEXICO CAS,100,29.89,2989
8/11/2014,10:53:00 AM,VALORES FINAMEX,MORGAN STANLEY MEXICO CAS,100,29.89,2989
8/11/2014,10:54:00 AM,VALORES FINAMEX,MORGAN STANLEY MEXICO CAS,100,29.89,2989
8/11/2014,10:55:00 AM,VALORES FINAMEX,MORGAN STANLEY MEXICO CAS,100,29.89,2989
8/11/2014,10:55:00 AM,GRUPO BURSATIL MEXICANO,CITIBANK,100,29.9,2990
8/11/2014,10:56:00 AM,VALORES FINAMEX,MORGAN STANLEY MEXICO CAS,100,29.89,2989
8/11/2014,10:58:00 AM,VALORES FINAMEX,INTERACCIONES CASA DE BOL,100,29.89,2989
8/11/2014,10:58:00 AM,VALORES FINAMEX,MORGAN STANLEY MEXICO CAS,100,29.89,2989
8/11/2014,10:59:00 AM,VALORES FINAMEX,MORGAN STANLEY MEXICO CAS,100,29.89,2989
8/11/2014,11:00:00 AM,VALORES FINAMEX,MORGAN STANLEY MEXICO CAS,100,29.89,2989
8/11/2014,11:01:00 AM,VALORES FINAMEX,VECTOR CASA DE BOLSA,800,29.89,23912
8/11/2014,11:01:00 AM,VALORES FINAMEX,VECTOR CASA DE BOLSA,874,29.89,26123.86
8/11/2014,11:01:00 AM,VALORES FINAMEX,INTERACCIONES CASA DE BOL,200,29.89,5978
8/11/2014,11:01:00 AM,VALORES FINAMEX,MORGAN STANLEY MEXICO CAS,100,29.89,2989
8/11/2014,11:02:00 AM,VALORES FINAMEX,MORGAN STANLEY MEXICO CAS,100,29.89,2989
8/11/2014,11:04:00 AM,VALORES FINAMEX,MORGAN STANLEY MEXICO CAS,100,29.89,2989
8/11/2014,11:04:00 AM,GRUPO BURSATIL MEXICANO,CITIBANK,200,29.9,5980
8/11/2014,11:04:00 AM,GRUPO BURSATIL MEXICANO,INTERACCIONES CASA DE BOL,100,29.88,2988
8/11/2014,11:05:00 AM,INTERACCIONES CASA DE BOL,MORGAN STANLEY MEXICO CAS,100,29.78,2978
8/11/2014,11:05:00 AM,INTERACCIONES CASA DE BOL,MORGAN STANLEY MEXICO CAS,100,29.78,2978
8/11/2014,11:06:00 AM,MORGAN STANLEY MEXICO CAS,MORGAN STANLEY MEXICO CAS,100,29.75,2975
8/11/2014,11:07:00 AM,INTERACCIONES CASA DE BOL,MORGAN STANLEY MEXICO CAS,100,29.76,2976
8/11/2014,11:08:00 AM,MERRILL LYNCH,MORGAN STANLEY MEXICO CAS,100,29.76,2976
8/11/2014,11:10:00 AM,MERRILL LYNCH,MORGAN STANLEY MEXICO CAS,100,29.76,2976
8/11/2014,11:11:00 AM,MERRILL LYNCH,MORGAN STANLEY MEXICO CAS,100,29.76,2976
8/11/2014,11:12:00 AM,MERRILL LYNCH,MORGAN STANLEY MEXICO CAS,100,29.76,2976
8/11/2014,11:13:00 AM,MERRILL LYNCH,MORGAN STANLEY MEXICO CAS,100,29.76,2976
8/11/2014,11:14:00 AM,MERRILL LYNCH,MORGAN STANLEY MEXICO CAS,100,29.76,2976
8/11/2014,11:15:00 AM,GRUPO BURSATIL MEXICANO,INTERACCIONES CASA DE BOL,100,29.86,2986
8/11/2014,11:16:00 AM,INTERACCIONES CASA DE BOL,MORGAN STANLEY MEXICO CAS,100,29.77,2977
8/11/2014,11:17:00 AM,MERRILL LYNCH,MORGAN STANLEY MEXICO CAS,100,29.76,2976
8/11/2014,11:18:00 AM,MERRILL LYNCH,MORGAN STANLEY MEXICO CAS,100,29.76,2976
8/11/2014,11:19:00 AM,MERRILL LYNCH,MORGAN STANLEY MEXICO CAS,100,29.76,2976
8/11/2014,11:20:00 AM,MERRILL LYNCH,MORGAN STANLEY MEXICO CAS,100,29.76,2976
8/11/2014,11:22:00 AM,MERRILL LYNCH,MORGAN STANLEY MEXICO CAS,100,29.76,2976
8/11/2014,11:23:00 AM,MERRILL LYNCH,MORGAN STANLEY MEXICO CAS,100,29.76,2976
8/11/2014,11:24:00 AM,MERRILL LYNCH,MORGAN STANLEY MEXICO CAS,100,29.76,2976
8/11/2014,11:25:00 AM,MERRILL LYNCH,MORGAN STANLEY MEXICO CAS,100,29.76,2976
8/11/2014,11:26:00 AM,MERRILL LYNCH,MORGAN STANLEY MEXICO CAS,100,29.76,2976
8/11/2014,11:26:00 AM,INTERACCIONES CASA DE BOL,MORGAN STANLEY MEXICO CAS,100,29.77,2977
8/11/2014,11:28:00 AM,MERRILL LYNCH,MORGAN STANLEY MEXICO CAS,100,29.76,2976
8/11/2014,11:29:00 AM,INTERACCIONES CASA DE BOL,MORGAN STANLEY MEXICO CAS,100,29.77,2977
8/11/2014,11:30:00 AM,GRUPO BURSATIL MEXICANO,MORGAN STANLEY MEXICO CAS,100,29.77,2977
8/11/2014,11:31:00 AM,MERRILL LYNCH,MORGAN STANLEY MEXICO CAS,100,29.76,2976
8/11/2014,11:32:00 AM,MERRILL LYNCH,MORGAN STANLEY MEXICO CAS,100,29.76,2976
8/11/2014,11:34:00 AM,MERRILL LYNCH,MORGAN STANLEY MEXICO CAS,100,29.76,2976
8/11/2014,11:34:00 AM,MERRILL LYNCH,VECTOR CASA DE BOLSA,149,29.77,4435.73
8/11/2014,11:34:00 AM,MERRILL LYNCH,MORGAN STANLEY MEXICO CAS,200,29.77,5954
8/11/2014,11:34:00 AM,MERRILL LYNCH,MORGAN STANLEY MEXICO CAS,100,29.77,2977
8/11/2014,11:34:00 AM,MERRILL LYNCH,MORGAN STANLEY MEXICO CAS,700,29.77,20839
8/11/2014,11:34:00 AM,MERRILL LYNCH,MORGAN STANLEY MEXICO CAS,100,29.77,2977
8/11/2014,11:35:00 AM,GRUPO BURSATIL MEXICANO,MORGAN STANLEY MEXICO CAS,100,29.89,2989
8/11/2014,11:35:00 AM,GRUPO BURSATIL MEXICANO,MORGAN STANLEY MEXICO CAS,100,29.89,2989
8/11/2014,11:42:00 AM,VALORES FINAMEX,MORGAN STANLEY MEXICO CAS,100,29.79,2979
8/11/2014,11:43:00 AM,INTERACCIONES CASA DE BOL,MORGAN STANLEY MEXICO CAS,100,29.78,2978
8/11/2014,11:43:00 AM,MERRILL LYNCH,MORGAN STANLEY MEXICO CAS,100,29.77,2977
8/11/2014,11:47:00 AM,CITIBANK,MORGAN STANLEY MEXICO CAS,100,29.85,2985
8/11/2014,11:48:00 AM,CITIBANK,MORGAN STANLEY MEXICO CAS,100,29.85,2985
8/11/2014,11:50:00 AM,CITIBANK,MORGAN STANLEY MEXICO CAS,100,29.85,2985
8/11/2014,11:52:00 AM,CITIBANK,MORGAN STANLEY MEXICO CAS,100,29.85,2985
8/11/2014,11:55:00 AM,CASA DE BOLSA BANCOMER,MORGAN STANLEY MEXICO CAS,100,29.87,2987
8/11/2014,11:58:00 AM,CITIBANK,MORGAN STANLEY MEXICO CAS,100,29.85,2985
8/11/2014,12:01:00 PM,CITIBANK,MORGAN STANLEY MEXICO CAS,100,29.85,2985
8/11/2014,12:04:00 PM,CITIBANK,MORGAN STANLEY MEXICO CAS,100,29.85,2985
8/11/2014,12:06:00 PM,CITIBANK,MORGAN STANLEY MEXICO CAS,100,29.85,2985
8/11/2014,12:09:00 PM,CITIBANK,MORGAN STANLEY MEXICO CAS,100,29.85,2985
8/11/2014,12:12:00 PM,CITIBANK,MORGAN STANLEY MEXICO CAS,100,29.85,2985
8/11/2014,12:15:00 PM,CITIBANK,MORGAN STANLEY MEXICO CAS,100,29.85,2985
8/11/2014,12:16:00 PM,CITIBANK,CITIBANK,220,29.85,6567
8/11/2014,12:17:00 PM,GRUPO BURSATIL MEXICANO,MORGAN STANLEY MEXICO CAS,100,29.89,2989
8/11/2014,12:17:00 PM,CITIBANK,MORGAN STANLEY MEXICO CAS,8290,29.89,247788.1
8/11/2014,12:18:00 PM,CITIBANK,MORGAN STANLEY MEXICO CAS,100,29.85,2985
8/11/2014,12:19:00 PM,CITIBANK,MORGAN STANLEY MEXICO CAS,100,29.85,2985
8/11/2014,12:19:00 PM,MERRILL LYNCH,MERRILL LYNCH,236471,29.86,7061024.06
8/11/2014,12:23:00 PM,CITIBANK,MORGAN STANLEY MEXICO CAS,7900,29.87,235973
8/11/2014,12:23:00 PM,CITIBANK,MORGAN STANLEY MEXICO CAS,300,29.88,8964
8/11/2014,12:23:00 PM,VALORES FINAMEX,MORGAN STANLEY MEXICO CAS,1167,29.86,34846.62
8/11/2014,12:23:00 PM,MERRILL LYNCH,MORGAN STANLEY MEXICO CAS,3226,29.86,96328.36
8/11/2014,12:23:00 PM,MERRILL LYNCH,MORGAN STANLEY MEXICO CAS,439,29.86,13108.54
8/11/2014,12:24:00 PM,GRUPO BURSATIL MEXICANO,MORGAN STANLEY MEXICO CAS,100,29.86,2986
8/11/2014,12:24:00 PM,VALORES FINAMEX,MORGAN STANLEY MEXICO CAS,1200,29.86,35832
8/11/2014,12:24:00 PM,MERRILL LYNCH,MORGAN STANLEY MEXICO CAS,3226,29.86,96328.36
8/11/2014,12:24:00 PM,MERRILL LYNCH,MORGAN STANLEY MEXICO CAS,2500,29.86,74650
8/11/2014,12:24:00 PM,VALORES FINAMEX,MORGAN STANLEY MEXICO CAS,1200,29.86,35832
8/11/2014,12:24:00 PM,MERRILL LYNCH,MORGAN STANLEY MEXICO CAS,3226,29.86,96328.36
8/11/2014,12:24:00 PM,MERRILL LYNCH,MORGAN STANLEY MEXICO CAS,2500,29.86,74650
8/11/2014,12:24:00 PM,VALORES FINAMEX,MORGAN STANLEY MEXICO CAS,1200,29.86,35832
8/11/2014,12:24:00 PM,MERRILL LYNCH,MORGAN STANLEY MEXICO CAS,3226,29.86,96328.36
8/11/2014,12:24:00 PM,MERRILL LYNCH,MORGAN STANLEY MEXICO CAS,2500,29.86,74650
8/11/2014,12:24:00 PM,VALORES FINAMEX,MORGAN STANLEY MEXICO CAS,800,29.86,23888
8/11/2014,12:24:00 PM,MERRILL LYNCH,MORGAN STANLEY MEXICO CAS,3226,29.86,96328.36
8/11/2014,12:24:00 PM,MERRILL LYNCH,MORGAN STANLEY MEXICO CAS,2500,29.86,74650
8/11/2014,12:24:00 PM,MERRILL LYNCH,MORGAN STANLEY MEXICO CAS,3226,29.86,96328.36
8/11/2014,12:24:00 PM,MERRILL LYNCH,MORGAN STANLEY MEXICO CAS,2500,29.86,74650
8/11/2014,12:24:00 PM,MERRILL LYNCH,MORGAN STANLEY MEXICO CAS,3226,29.86,96328.36
8/11/2014,12:24:00 PM,MERRILL LYNCH,MORGAN STANLEY MEXICO CAS,2500,29.86,74650
8/11/2014,12:24:00 PM,MERRILL LYNCH,MORGAN STANLEY MEXICO CAS,3226,29.86,96328.36
8/11/2014,12:24:00 PM,MERRILL LYNCH,MORGAN STANLEY MEXICO CAS,2500,29.86,74650
8/11/2014,12:24:00 PM,MERRILL LYNCH,MORGAN STANLEY MEXICO CAS,3226,29.86,96328.36
8/11/2014,12:24:00 PM,MERRILL LYNCH,MORGAN STANLEY MEXICO CAS,2500,29.86,74650
8/11/2014,12:24:00 PM,MERRILL LYNCH,MORGAN STANLEY MEXICO CAS,3226,29.86,96328.36
8/11/2014,12:24:00 PM,MERRILL LYNCH,MORGAN STANLEY MEXICO CAS,2500,29.86,74650
8/11/2014,12:24:00 PM,MERRILL LYNCH,MORGAN STANLEY MEXICO CAS,3226,29.86,96328.36
8/11/2014,12:24:00 PM,MERRILL LYNCH,MORGAN STANLEY MEXICO CAS,2500,29.86,74650
8/11/2014,12:24:00 PM,MERRILL LYNCH,MORGAN STANLEY MEXICO CAS,3226,29.86,96328.36
8/11/2014,12:24:00 PM,MERRILL LYNCH,MORGAN STANLEY MEXICO CAS,2500,29.86,74650
8/11/2014,12:24:00 PM,MERRILL LYNCH,MORGAN STANLEY MEXICO CAS,3226,29.86,96328.36
8/11/2014,12:24:00 PM,MERRILL LYNCH,MORGAN STANLEY MEXICO CAS,2500,29.86,74650
8/11/2014,12:24:00 PM,MERRILL LYNCH,MORGAN STANLEY MEXICO CAS,3226,29.86,96328.36
8/11/2014,12:24:00 PM,MERRILL LYNCH,MORGAN STANLEY MEXICO CAS,2500,29.86,74650
8/11/2014,12:24:00 PM,MERRILL LYNCH,MORGAN STANLEY MEXICO CAS,3226,29.86,96328.36
8/11/2014,12:24:00 PM,MERRILL LYNCH,MORGAN STANLEY MEXICO CAS,2500,29.86,74650
8/11/2014,12:24:00 PM,MERRILL LYNCH,MORGAN STANLEY MEXICO CAS,3226,29.86,96328.36
8/11/2014,12:24:00 PM,MERRILL LYNCH,MORGAN STANLEY MEXICO CAS,2500,29.86,74650
8/11/2014,12:24:00 PM,MERRILL LYNCH,MORGAN STANLEY MEXICO CAS,3226,29.86,96328.36
8/11/2014,12:24:00 PM,MERRILL LYNCH,MORGAN STANLEY MEXICO CAS,2500,29.86,74650
8/11/2014,12:24:00 PM,MERRILL LYNCH,MORGAN STANLEY MEXICO CAS,3226,29.86,96328.36
8/11/2014,12:24:00 PM,MERRILL LYNCH,MORGAN STANLEY MEXICO CAS,2500,29.86,74650
8/11/2014,12:24:00 PM,MERRILL LYNCH,MORGAN STANLEY MEXICO CAS,3226,29.86,96328.36
8/11/2014,12:24:00 PM,MERRILL LYNCH,MORGAN STANLEY MEXICO CAS,2500,29.86,74650
8/11/2014,12:24:00 PM,MERRILL LYNCH,MORGAN STANLEY MEXICO CAS,3226,29.86,96328.36
8/11/2014,12:24:00 PM,MERRILL LYNCH,MORGAN STANLEY MEXICO CAS,2500,29.86,74650
8/11/2014,12:24:00 PM,CITIBANK,MORGAN STANLEY MEXICO CAS,36705,29.85,1095644.25
8/11/2014,12:24:00 PM,CITIBANK,MORGAN STANLEY MEXICO CAS,31775,29.85,948483.75
8/11/2014,12:24:00 PM,VALORES FINAMEX,MORGAN STANLEY MEXICO CAS,1100,29.85,32835
8/11/2014,12:24:00 PM,GRUPO BURSATIL MEXICANO,MORGAN STANLEY MEXICO CAS,100,29.85,2985
8/11/2014,12:24:00 PM,VALORES FINAMEX,MORGAN STANLEY MEXICO CAS,1900,29.85,56715
8/11/2014,12:24:00 PM,MERRILL LYNCH,MORGAN STANLEY MEXICO CAS,2000,29.84,59680
8/11/2014,12:24:00 PM,MERRILL LYNCH,MORGAN STANLEY MEXICO CAS,8000,29.84,238720
8/11/2014,12:24:00 PM,GRUPO BURSATIL MEXICANO,MORGAN STANLEY MEXICO CAS,100,29.84,2984
8/11/2014,12:25:00 PM,MERRILL LYNCH,INTERACCIONES CASA DE BOL,7000,29.85,208950
8/11/2014,12:25:00 PM,MERRILL LYNCH,MORGAN STANLEY MEXICO CAS,5500,29.85,164175
8/11/2014,12:25:00 PM,GRUPO BURSATIL MEXICANO,MORGAN STANLEY MEXICO CAS,100,29.85,2985
8/11/2014,12:25:00 PM,MERRILL LYNCH,MORGAN STANLEY MEXICO CAS,12500,29.85,373125
8/11/2014,12:25:00 PM,MERRILL LYNCH,MORGAN STANLEY MEXICO CAS,12500,29.85,373125
8/11/2014,12:25:00 PM,MERRILL LYNCH,MORGAN STANLEY MEXICO CAS,12500,29.85,373125
8/11/2014,12:25:00 PM,MERRILL LYNCH,MORGAN STANLEY MEXICO CAS,200,29.85,5970
8/11/2014,12:25:00 PM,MERRILL LYNCH,MORGAN STANLEY MEXICO CAS,12300,29.85,367155
8/11/2014,12:25:00 PM,MERRILL LYNCH,MORGAN STANLEY MEXICO CAS,12500,29.85,373125
8/11/2014,12:25:00 PM,MERRILL LYNCH,MORGAN STANLEY MEXICO CAS,12500,29.85,373125
8/11/2014,12:25:00 PM,MERRILL LYNCH,MORGAN STANLEY MEXICO CAS,12500,29.85,373125
8/11/2014,12:25:00 PM,MERRILL LYNCH,MORGAN STANLEY MEXICO CAS,12500,29.85,373125
8/11/2014,12:25:00 PM,MERRILL LYNCH,MORGAN STANLEY MEXICO CAS,12500,29.85,373125
8/11/2014,12:25:00 PM,MERRILL LYNCH,MORGAN STANLEY MEXICO CAS,12500,29.85,373125
8/11/2014,12:25:00 PM,MERRILL LYNCH,MORGAN STANLEY MEXICO CAS,12500,29.85,373125
8/11/2014,12:26:00 PM,MERRILL LYNCH,MORGAN STANLEY MEXICO CAS,12500,29.85,373125
8/11/2014,12:26:00 PM,MERRILL LYNCH,MORGAN STANLEY MEXICO CAS,12500,29.85,373125
8/11/2014,12:26:00 PM,MERRILL LYNCH,MORGAN STANLEY MEXICO CAS,12500,29.85,373125
8/11/2014,12:26:00 PM,MERRILL LYNCH,MORGAN STANLEY MEXICO CAS,12500,29.85,373125
8/11/2014,12:26:00 PM,MERRILL LYNCH,MORGAN STANLEY MEXICO CAS,200,29.85,5970
8/11/2014,12:26:00 PM,MERRILL LYNCH,MORGAN STANLEY MEXICO CAS,12300,29.85,367155
8/11/2014,12:26:00 PM,MERRILL LYNCH,MORGAN STANLEY MEXICO CAS,12500,29.85,373125
8/11/2014,12:26:00 PM,MERRILL LYNCH,MORGAN STANLEY MEXICO CAS,12500,29.85,373125
8/11/2014,12:26:00 PM,MERRILL LYNCH,MORGAN STANLEY MEXICO CAS,12500,29.85,373125
8/11/2014,12:29:00 PM,MERRILL LYNCH,MORGAN STANLEY MEXICO CAS,1800,29.86,53748
8/11/2014,12:29:00 PM,MERRILL LYNCH,MORGAN STANLEY MEXICO CAS,100,29.86,2986
8/11/2014,12:29:00 PM,MERRILL LYNCH,MORGAN STANLEY MEXICO CAS,100,29.86,2986
8/11/2014,12:29:00 PM,MERRILL LYNCH,MERRILL LYNCH,3000000,29.86,89580000
8/11/2014,12:30:00 PM,MERRILL LYNCH,MORGAN STANLEY MEXICO CAS,12500,29.85,373125
8/11/2014,12:30:00 PM,MERRILL LYNCH,MORGAN STANLEY MEXICO CAS,100,29.85,2985
8/11/2014,12:30:00 PM,MERRILL LYNCH,MORGAN STANLEY MEXICO CAS,87500,29.85,2611875
8/11/2014,12:31:00 PM,MORGAN STANLEY MEXICO CAS,MORGAN STANLEY MEXICO CAS,500,29.85,14925
8/11/2014,12:31:00 PM,GRUPO BURSATIL MEXICANO,MORGAN STANLEY MEXICO CAS,400,29.85,11940
8/11/2014,12:31:00 PM,MERRILL LYNCH,MORGAN STANLEY MEXICO CAS,12500,29.8,372500
8/11/2014,12:31:00 PM,MERRILL LYNCH,MORGAN STANLEY MEXICO CAS,237500,29.8,7077500
8/11/2014,12:31:00 PM,INTERACCIONES CASA DE BOL,MORGAN STANLEY MEXICO CAS,1800,29.8,53640
8/11/2014,12:31:00 PM,MERRILL LYNCH,MORGAN STANLEY MEXICO CAS,200000,29.8,5960000
8/11/2014,12:31:00 PM,MORGAN STANLEY MEXICO CAS,MORGAN STANLEY MEXICO CAS,500,29.8,14900
8/11/2014,12:31:00 PM,GRUPO BURSATIL MEXICANO,MORGAN STANLEY MEXICO CAS,100,29.8,2980
8/11/2014,12:31:00 PM,MERRILL LYNCH,MORGAN STANLEY MEXICO CAS,5793,29.8,172631.4
8/11/2014,12:35:00 PM,VECTOR CASA DE BOLSA,MORGAN STANLEY MEXICO CAS,161,29.84,4804.24
8/11/2014,12:35:00 PM,MORGAN STANLEY MEXICO CAS,MORGAN STANLEY MEXICO CAS,500,29.8,14900
8/11/2014,12:35:00 PM,GRUPO BURSATIL MEXICANO,MORGAN STANLEY MEXICO CAS,100,29.8,2980
8/11/2014,12:35:00 PM,MERRILL LYNCH,MORGAN STANLEY MEXICO CAS,23800,29.8,709240
8/11/2014,12:35:00 PM,MORGAN STANLEY MEXICO CAS,MORGAN STANLEY MEXICO CAS,494,29.8,14721.2
8/11/2014,12:35:00 PM,MERRILL LYNCH,MORGAN STANLEY MEXICO CAS,23794,29.8,709061.2
8/11/2014,12:35:00 PM,MERRILL LYNCH,MORGAN STANLEY MEXICO CAS,388,29.8,11562.4
8/11/2014,12:35:00 PM,MERRILL LYNCH,MORGAN STANLEY MEXICO CAS,23800,29.8,709240
8/11/2014,12:35:00 PM,GRUPO BURSATIL MEXICANO,MORGAN STANLEY MEXICO CAS,194,29.8,5781.2
8/11/2014,12:35:00 PM,MERRILL LYNCH,MORGAN STANLEY MEXICO CAS,23806,29.8,709418.8
8/11/2014,12:35:00 PM,MORGAN STANLEY MEXICO CAS,MORGAN STANLEY MEXICO CAS,488,29.8,14542.4
8/11/2014,12:35:00 PM,MERRILL LYNCH,MORGAN STANLEY MEXICO CAS,23788,29.8,708882.4
8/11/2014,12:35:00 PM,MORGAN STANLEY MEXICO CAS,MORGAN STANLEY MEXICO CAS,482,29.8,14363.6
8/11/2014,12:35:00 PM,MERRILL LYNCH,MORGAN STANLEY MEXICO CAS,23782,29.8,708703.6
8/11/2014,12:35:00 PM,MERRILL LYNCH,MORGAN STANLEY MEXICO CAS,23776,29.8,708524.8
8/11/2014,12:35:00 PM,MORGAN STANLEY MEXICO CAS,MORGAN STANLEY MEXICO CAS,470,29.8,14006
8/11/2014,12:35:00 PM,MERRILL LYNCH,MORGAN STANLEY MEXICO CAS,23700,29.8,706260
8/11/2014,12:36:00 PM,MERRILL LYNCH,MORGAN STANLEY MEXICO CAS,9964,29.8,296927.2
8/11/2014,12:36:00 PM,MERRILL LYNCH,MORGAN STANLEY MEXICO CAS,13800,29.8,411240
8/11/2014,12:36:00 PM,MERRILL LYNCH,MORGAN STANLEY MEXICO CAS,23400,29.8,697320
8/11/2014,12:37:00 PM,MORGAN STANLEY MEXICO CAS,MORGAN STANLEY MEXICO CAS,249,29.8,7420.2
8/11/2014,12:37:00 PM,MORGAN STANLEY MEXICO CAS,MORGAN STANLEY MEXICO CAS,100,29.8,2980
8/11/2014,12:37:00 PM,MORGAN STANLEY MEXICO CAS,MORGAN STANLEY MEXICO CAS,200,29.8,5960
8/11/2014,12:38:00 PM,MERRILL LYNCH,MORGAN STANLEY MEXICO CAS,70000,29.8,2086000
8/11/2014,12:38:00 PM,GRUPO BURSATIL MEXICANO,MORGAN STANLEY MEXICO CAS,100,29.8,2980
8/11/2014,12:38:00 PM,GRUPO BURSATIL MEXICANO,MORGAN STANLEY MEXICO CAS,100,29.81,2981
8/11/2014,12:38:00 PM,MERRILL LYNCH,MORGAN STANLEY MEXICO CAS,70000,29.8,2086000
8/11/2014,12:38:00 PM,MORGAN STANLEY MEXICO CAS,MORGAN STANLEY MEXICO CAS,1843746,29.8,54943630.8
8/11/2014,12:40:00 PM,CITIBANK,MORGAN STANLEY MEXICO CAS,8290,29.85,247456.5
8/11/2014,12:41:00 PM,CITIBANK,MORGAN STANLEY MEXICO CAS,6710,29.85,200293.5
8/11/2014,12:41:00 PM,CITIBANK,MORGAN STANLEY MEXICO CAS,100,29.85,2985
8/11/2014,12:41:00 PM,CITIBANK,MORGAN STANLEY MEXICO CAS,1479,29.85,44148.15
8/11/2014,12:42:00 PM,CITIBANK,MORGAN STANLEY MEXICO CAS,8290,29.85,247456.5
8/11/2014,12:42:00 PM,MERRILL LYNCH,VALORES FINAMEX,70000,29.8,2086000
8/11/2014,12:42:00 PM,GRUPO BURSATIL MEXICANO,VALORES FINAMEX,100,29.8,2980
8/11/2014,12:42:00 PM,MERRILL LYNCH,VALORES FINAMEX,70000,29.8,2086000
8/11/2014,12:42:00 PM,MERRILL LYNCH,VALORES FINAMEX,70000,29.8,2086000
8/11/2014,12:42:00 PM,MERRILL LYNCH,VALORES FINAMEX,70000,29.8,2086000
8/11/2014,12:42:00 PM,GRUPO BURSATIL MEXICANO,VALORES FINAMEX,200,29.8,5960
8/11/2014,12:42:00 PM,MERRILL LYNCH,VALORES FINAMEX,70000,29.8,2086000
8/11/2014,12:42:00 PM,MERRILL LYNCH,VALORES FINAMEX,70000,29.8,2086000
8/11/2014,12:42:00 PM,MERRILL LYNCH,VALORES FINAMEX,70000,29.8,2086000
8/11/2014,12:42:00 PM,MERRILL LYNCH,VALORES FINAMEX,29700,29.8,885060
8/11/2014,12:44:00 PM,CITIBANK,MORGAN STANLEY MEXICO CAS,6710,29.85,200293.5
8/11/2014,12:44:00 PM,CITIBANK,MORGAN STANLEY MEXICO CAS,100,29.85,2985
8/11/2014,12:44:00 PM,CITIBANK,MORGAN STANLEY MEXICO CAS,63190,29.85,1886221.5
8/11/2014,12:45:00 PM,CITIBANK,MORGAN STANLEY MEXICO CAS,15000,29.85,447750
8/11/2014,12:45:00 PM,CITIBANK,MORGAN STANLEY MEXICO CAS,100,29.85,2985
8/11/2014,12:45:00 PM,CITIBANK,MORGAN STANLEY MEXICO CAS,54900,29.85,1638765
8/11/2014,12:47:00 PM,GRUPO BURSATIL MEXICANO,MORGAN STANLEY MEXICO CAS,200,29.85,5970
8/11/2014,12:49:00 PM,MERRILL LYNCH,MORGAN STANLEY MEXICO CAS,14800,29.85,441780
8/11/2014,12:49:00 PM,MERRILL LYNCH,MORGAN STANLEY MEXICO CAS,100,29.85,2985
8/11/2014,12:49:00 PM,GRUPO BURSATIL MEXICANO,MORGAN STANLEY MEXICO CAS,100,29.86,2986
8/11/2014,12:49:00 PM,GRUPO BURSATIL MEXICANO,MORGAN STANLEY MEXICO CAS,100,29.86,2986
8/11/2014,12:50:00 PM,GRUPO BURSATIL MEXICANO,MORGAN STANLEY MEXICO CAS,200,29.85,5970
8/11/2014,12:50:00 PM,MORGAN STANLEY MEXICO CAS,MORGAN STANLEY MEXICO CAS,500,29.85,14925
8/11/2014,12:50:00 PM,CITIBANK,MORGAN STANLEY MEXICO CAS,55000,29.85,1641750
8/11/2014,12:51:00 PM,MERRILL LYNCH,MORGAN STANLEY MEXICO CAS,300,29.85,8955
8/11/2014,12:51:00 PM,MERRILL LYNCH,MORGAN STANLEY MEXICO CAS,27152,29.85,810487.2
8/11/2014,12:52:00 PM,GRUPO BURSATIL MEXICANO,MORGAN STANLEY MEXICO CAS,200,29.85,5970
8/11/2014,12:52:00 PM,MERRILL LYNCH,MORGAN STANLEY MEXICO CAS,14200,29.85,423870
8/11/2014,12:54:00 PM,CITIBANK,MORGAN STANLEY MEXICO CAS,47000,29.85,1402950
8/11/2014,12:57:00 PM,CITIBANK,MORGAN STANLEY MEXICO CAS,22926,29.85,684341.1
8/11/2014,12:58:00 PM,GRUPO BURSATIL MEXICANO,MORGAN STANLEY MEXICO CAS,200,29.89,5978
8/11/2014,1:00:00 PM,VALORES FINAMEX,MORGAN STANLEY MEXICO CAS,100,29.81,2981
8/11/2014,1:01:00 PM,GRUPO BURSATIL MEXICANO,INTERACCIONES CASA DE BOL,200,29.88,5976
8/11/2014,1:03:00 PM,GRUPO BURSATIL MEXICANO,MORGAN STANLEY MEXICO CAS,200,29.88,5976
8/11/2014,1:03:00 PM,INTERACCIONES CASA DE BOL,MORGAN STANLEY MEXICO CAS,1500,29.82,44730
8/11/2014,1:03:00 PM,MORGAN STANLEY MEXICO CAS,MORGAN STANLEY MEXICO CAS,500,29.82,14910
8/11/2014,1:04:00 PM,MERRILL LYNCH,CITIBANK,40000,29.85,1194000
8/11/2014,1:05:00 PM,MERRILL LYNCH,MORGAN STANLEY MEXICO CAS,100,29.85,2985
8/11/2014,1:05:00 PM,GRUPO BURSATIL MEXICANO,MORGAN STANLEY MEXICO CAS,100,29.88,2988
8/11/2014,1:05:00 PM,GRUPO BURSATIL MEXICANO,MORGAN STANLEY MEXICO CAS,100,29.88,2988
8/11/2014,1:06:00 PM,MERRILL LYNCH,MORGAN STANLEY MEXICO CAS,100,29.85,2985
8/11/2014,1:07:00 PM,MERRILL LYNCH,MORGAN STANLEY MEXICO CAS,100,29.85,2985
8/11/2014,1:07:00 PM,MERRILL LYNCH,MORGAN STANLEY MEXICO CAS,100,29.85,2985
8/11/2014,1:08:00 PM,GRUPO BURSATIL MEXICANO,MORGAN STANLEY MEXICO CAS,100,29.88,2988
8/11/2014,1:08:00 PM,GRUPO BURSATIL MEXICANO,MORGAN STANLEY MEXICO CAS,100,29.88,2988
8/11/2014,1:09:00 PM,MORGAN STANLEY MEXICO CAS,MORGAN STANLEY MEXICO CAS,100,29.85,2985
8/11/2014,1:09:00 PM,MORGAN STANLEY MEXICO CAS,MORGAN STANLEY MEXICO CAS,100,29.85,2985
8/11/2014,1:10:00 PM,MORGAN STANLEY MEXICO CAS,MORGAN STANLEY MEXICO CAS,100,29.85,2985
8/11/2014,1:10:00 PM,GRUPO BURSATIL MEXICANO,MORGAN STANLEY MEXICO CAS,100,29.88,2988
8/11/2014,1:10:00 PM,GRUPO BURSATIL MEXICANO,MORGAN STANLEY MEXICO CAS,100,29.88,2988
8/11/2014,1:11:00 PM,MORGAN STANLEY MEXICO CAS,MORGAN STANLEY MEXICO CAS,100,29.85,2985
8/11/2014,1:11:00 PM,MORGAN STANLEY MEXICO CAS,MORGAN STANLEY MEXICO CAS,100,29.85,2985
8/11/2014,1:12:00 PM,GRUPO BURSATIL MEXICANO,MORGAN STANLEY MEXICO CAS,100,29.85,2985
8/11/2014,1:12:00 PM,GRUPO BURSATIL MEXICANO,MORGAN STANLEY MEXICO CAS,100,29.85,2985
8/11/2014,1:12:00 PM,MERRILL LYNCH,MERRILL LYNCH,194515,29.86,5808217.9
8/11/2014,1:13:00 PM,MORGAN STANLEY MEXICO CAS,MORGAN STANLEY MEXICO CAS,100,29.85,2985
8/11/2014,1:13:00 PM,MORGAN STANLEY MEXICO CAS,MORGAN STANLEY MEXICO CAS,100,29.85,2985
8/11/2014,1:14:00 PM,MORGAN STANLEY MEXICO CAS,MORGAN STANLEY MEXICO CAS,100,29.85,2985
8/11/2014,1:14:00 PM,MORGAN STANLEY MEXICO CAS,MORGAN STANLEY MEXICO CAS,100,29.85,2985
8/11/2014,1:14:00 PM,MORGAN STANLEY MEXICO CAS,MORGAN STANLEY MEXICO CAS,100,29.85,2985
8/11/2014,1:14:00 PM,GRUPO BURSATIL MEXICANO,MORGAN STANLEY MEXICO CAS,200,29.88,5976
8/11/2014,1:14:00 PM,GRUPO BURSATIL MEXICANO,CITIBANK,200,29.85,5970
8/11/2014,1:16:00 PM,MORGAN STANLEY MEXICO CAS,MORGAN STANLEY MEXICO CAS,100,29.85,2985
8/11/2014,1:16:00 PM,MORGAN STANLEY MEXICO CAS,MORGAN STANLEY MEXICO CAS,100,29.85,2985
8/11/2014,1:16:00 PM,GRUPO BURSATIL MEXICANO,MORGAN STANLEY MEXICO CAS,100,29.85,2985
8/11/2014,1:17:00 PM,MORGAN STANLEY MEXICO CAS,MORGAN STANLEY MEXICO CAS,100,29.85,2985
8/11/2014,1:17:00 PM,MORGAN STANLEY MEXICO CAS,MORGAN STANLEY MEXICO CAS,100,29.85,2985
8/11/2014,1:17:00 PM,MORGAN STANLEY MEXICO CAS,MORGAN STANLEY MEXICO CAS,100,29.85,2985
8/11/2014,1:18:00 PM,MORGAN STANLEY MEXICO CAS,MORGAN STANLEY MEXICO CAS,100,29.85,2985
8/11/2014,1:18:00 PM,MORGAN STANLEY MEXICO CAS,MORGAN STANLEY MEXICO CAS,100,29.85,2985
8/11/2014,1:19:00 PM,GRUPO BURSATIL MEXICANO,MORGAN STANLEY MEXICO CAS,100,29.85,2985
8/11/2014,1:19:00 PM,MORGAN STANLEY MEXICO CAS,MORGAN STANLEY MEXICO CAS,100,29.85,2985
8/11/2014,1:20:00 PM,MORGAN STANLEY MEXICO CAS,MORGAN STANLEY MEXICO CAS,100,29.85,2985
8/11/2014,1:20:00 PM,MORGAN STANLEY MEXICO CAS,MORGAN STANLEY MEXICO CAS,100,29.85,2985
8/11/2014,1:20:00 PM,MORGAN STANLEY MEXICO CAS,MORGAN STANLEY MEXICO CAS,100,29.85,2985
8/11/2014,1:21:00 PM,MORGAN STANLEY MEXICO CAS,MORGAN STANLEY MEXICO CAS,100,29.85,2985
8/11/2014,1:21:00 PM,GRUPO BURSATIL MEXICANO,MORGAN STANLEY MEXICO CAS,100,29.88,2988
8/11/2014,1:21:00 PM,GRUPO BURSATIL MEXICANO,MORGAN STANLEY MEXICO CAS,100,29.88,2988
8/11/2014,1:23:00 PM,VALORES FINAMEX,MORGAN STANLEY MEXICO CAS,100,29.84,2984
8/11/2014,1:24:00 PM,GRUPO BURSATIL MEXICANO,MORGAN STANLEY MEXICO CAS,200,29.88,5976
8/11/2014,1:26:00 PM,VALORES FINAMEX,MORGAN STANLEY MEXICO CAS,100,29.84,2984
8/11/2014,1:26:00 PM,GRUPO BURSATIL MEXICANO,MORGAN STANLEY MEXICO CAS,100,29.88,2988
8/11/2014,1:26:00 PM,GRUPO BURSATIL MEXICANO,MORGAN STANLEY MEXICO CAS,100,29.88,2988
8/11/2014,1:28:00 PM,GRUPO BURSATIL MEXICANO,MORGAN STANLEY MEXICO CAS,200,29.88,5976
8/11/2014,1:30:00 PM,GRUPO BURSATIL MEXICANO,MORGAN STANLEY MEXICO CAS,100,29.88,2988
8/11/2014,1:30:00 PM,GRUPO BURSATIL MEXICANO,MORGAN STANLEY MEXICO CAS,100,29.88,2988
8/11/2014,1:33:00 PM,GRUPO BURSATIL MEXICANO,MORGAN STANLEY MEXICO CAS,200,29.88,5976
8/11/2014,1:35:00 PM,GRUPO BURSATIL MEXICANO,MORGAN STANLEY MEXICO CAS,100,29.88,2988
8/11/2014,1:35:00 PM,GRUPO BURSATIL MEXICANO,MORGAN STANLEY MEXICO CAS,100,29.88,2988
8/11/2014,1:37:00 PM,MORGAN STANLEY MEXICO CAS,MORGAN STANLEY MEXICO CAS,100,29.82,2982
8/11/2014,1:37:00 PM,GRUPO BURSATIL MEXICANO,MORGAN STANLEY MEXICO CAS,200,29.86,5972
8/11/2014,1:37:00 PM,MERRILL LYNCH,MORGAN STANLEY MEXICO CAS,10000,29.86,298600
8/11/2014,1:38:00 PM,MERRILL LYNCH,MORGAN STANLEY MEXICO CAS,818,29.86,24425.48
8/11/2014,1:40:00 PM,MORGAN STANLEY MEXICO CAS,MORGAN STANLEY MEXICO CAS,100,29.82,2982
8/11/2014,1:40:00 PM,GRUPO BURSATIL MEXICANO,MORGAN STANLEY MEXICO CAS,200,29.86,5972
8/11/2014,1:40:00 PM,GRUPO BURSATIL MEXICANO,MORGAN STANLEY MEXICO CAS,100,29.82,2982
8/11/2014,1:42:00 PM,GRUPO BURSATIL MEXICANO,MORGAN STANLEY MEXICO CAS,100,29.82,2982
8/11/2014,1:44:00 PM,VALORES FINAMEX,VALORES FINAMEX,500,29.82,14910
8/11/2014,1:44:00 PM,GRUPO BURSATIL MEXICANO,VALORES FINAMEX,300,29.82,8946
8/11/2014,1:44:00 PM,MERRILL LYNCH,VALORES FINAMEX,40300,29.8,1200940
8/11/2014,1:44:00 PM,MERRILL LYNCH,VALORES FINAMEX,900,29.8,26820
8/11/2014,1:45:00 PM,MERRILL LYNCH,MORGAN STANLEY MEXICO CAS,100,29.8,2980
8/11/2014,1:47:00 PM,GRUPO BURSATIL MEXICANO,MORGAN STANLEY MEXICO CAS,200,29.86,5972
8/11/2014,1:48:00 PM,MERRILL LYNCH,MORGAN STANLEY MEXICO CAS,100,29.8,2980
8/11/2014,1:50:00 PM,GRUPO BURSATIL MEXICANO,MORGAN STANLEY MEXICO CAS,200,29.86,5972
8/11/2014,1:51:00 PM,MERRILL LYNCH,MORGAN STANLEY MEXICO CAS,100,29.8,2980
8/11/2014,1:52:00 PM,GRUPO BURSATIL MEXICANO,MORGAN STANLEY MEXICO CAS,200,29.86,5972
8/11/2014,1:54:00 PM,MERRILL LYNCH,MORGAN STANLEY MEXICO CAS,100,29.8,2980
8/11/2014,1:54:00 PM,GRUPO BURSATIL MEXICANO,MORGAN STANLEY MEXICO CAS,200,29.86,5972
8/11/2014,1:57:00 PM,GRUPO BURSATIL MEXICANO,MORGAN STANLEY MEXICO CAS,200,29.86,5972
8/11/2014,1:57:00 PM,MERRILL LYNCH,MORGAN STANLEY MEXICO CAS,100,29.8,2980
8/11/2014,1:57:00 PM,MERRILL LYNCH,MORGAN STANLEY MEXICO CAS,100,29.8,2980
8/11/2014,1:58:00 PM,MERRILL LYNCH,HSBCB CASA DE BOLSA,6180,29.8,184164
8/11/2014,1:58:00 PM,MERRILL LYNCH,HSBCB CASA DE BOLSA,63220,29.8,1883956
8/11/2014,1:58:00 PM,GRUPO BURSATIL MEXICANO,HSBCB CASA DE BOLSA,200,29.8,5960
8/11/2014,1:58:00 PM,VALORES FINAMEX,HSBCB CASA DE BOLSA,1580,29.8,47084
8/11/2014,1:58:00 PM,VALORES FINAMEX,HSBCB CASA DE BOLSA,120,29.8,3576
8/11/2014,1:58:00 PM,MERRILL LYNCH,HSBCB CASA DE BOLSA,59161,29.8,1762997.8
8/11/2014,1:59:00 PM,MERRILL LYNCH,MORGAN STANLEY MEXICO CAS,100,29.8,2980
8/11/2014,2:01:00 PM,GRUPO BURSATIL MEXICANO,CITIBANK,200,29.85,5970
8/11/2014,2:02:00 PM,MERRILL LYNCH,MORGAN STANLEY MEXICO CAS,100,29.8,2980
8/11/2014,2:03:00 PM,GRUPO BURSATIL MEXICANO,CITIBANK,200,29.85,5970
8/11/2014,2:05:00 PM,MERRILL LYNCH,CITIBANK,70000,29.85,2089500
8/11/2014,2:05:00 PM,MERRILL LYNCH,MORGAN STANLEY MEXICO CAS,100,29.8,2980
8/11/2014,2:06:00 PM,GRUPO BURSATIL MEXICANO,CITIBANK,200,29.85,5970
8/11/2014,2:07:00 PM,MERRILL LYNCH,MORGAN STANLEY MEXICO CAS,10539,29.8,314062.2
8/11/2014,2:07:00 PM,GRUPO BURSATIL MEXICANO,MORGAN STANLEY MEXICO CAS,100,29.8,2980
8/11/2014,2:07:00 PM,VALORES FINAMEX,MORGAN STANLEY MEXICO CAS,1100,29.8,32780
8/11/2014,2:08:00 PM,MERRILL LYNCH,MORGAN STANLEY MEXICO CAS,100,29.8,2980
8/11/2014,2:09:00 PM,GRUPO BURSATIL MEXICANO,CITIBANK,200,29.85,5970
8/11/2014,2:11:00 PM,MERRILL LYNCH,MORGAN STANLEY MEXICO CAS,100,29.8,2980
8/11/2014,2:11:00 PM,GRUPO BURSATIL MEXICANO,CITIBANK,200,29.85,5970
8/11/2014,2:12:00 PM,MERRILL LYNCH,MORGAN STANLEY MEXICO CAS,100,29.8,2980
8/11/2014,2:13:00 PM,MERRILL LYNCH,MORGAN STANLEY MEXICO CAS,100,29.8,2980
8/11/2014,2:14:00 PM,GRUPO BURSATIL MEXICANO,CITIBANK,200,29.85,5970
8/11/2014,2:16:00 PM,SCOTIA CASA DE BOLSA,CITIBANK,350,29.85,10447.5
8/11/2014,2:16:00 PM,GRUPO BURSATIL MEXICANO,CITIBANK,200,29.85,5970
8/11/2014,2:16:00 PM,MERRILL LYNCH,MORGAN STANLEY MEXICO CAS,100,29.8,2980
8/11/2014,2:17:00 PM,UBS CASA DE BOLSA S.A.,INTERACCIONES CASA DE BOL,2800,29.83,83524
8/11/2014,2:18:00 PM,MERRILL LYNCH,CITIBANK,1657,29.85,49461.45
8/11/2014,2:18:00 PM,MERRILL LYNCH,MORGAN STANLEY MEXICO CAS,100,29.85,2985
8/11/2014,2:18:00 PM,MERRILL LYNCH,MORGAN STANLEY MEXICO CAS,100,29.85,2985
8/11/2014,2:18:00 PM,MERRILL LYNCH,MORGAN STANLEY MEXICO CAS,100,29.85,2985
8/11/2014,2:18:00 PM,MERRILL LYNCH,MORGAN STANLEY MEXICO CAS,500,29.85,14925
8/11/2014,2:18:00 PM,MERRILL LYNCH,MORGAN STANLEY MEXICO CAS,500,29.85,14925
8/11/2014,2:18:00 PM,MERRILL LYNCH,MORGAN STANLEY MEXICO CAS,700,29.85,20895
8/11/2014,2:18:00 PM,MERRILL LYNCH,MORGAN STANLEY MEXICO CAS,900,29.85,26865
8/11/2014,2:18:00 PM,MERRILL LYNCH,MORGAN STANLEY MEXICO CAS,100,29.85,2985
8/11/2014,2:18:00 PM,MERRILL LYNCH,MORGAN STANLEY MEXICO CAS,100,29.85,2985
8/11/2014,2:18:00 PM,MERRILL LYNCH,MORGAN STANLEY MEXICO CAS,100,29.85,2985
8/11/2014,2:18:00 PM,MERRILL LYNCH,MORGAN STANLEY MEXICO CAS,100,29.85,2985
8/11/2014,2:18:00 PM,MERRILL LYNCH,MORGAN STANLEY MEXICO CAS,100,29.85,2985
8/11/2014,2:18:00 PM,MERRILL LYNCH,MORGAN STANLEY MEXICO CAS,100,29.85,2985
8/11/2014,2:18:00 PM,MERRILL LYNCH,MORGAN STANLEY MEXICO CAS,100,29.85,2985
8/11/2014,2:18:00 PM,UBS CASA DE BOLSA S.A.,MORGAN STANLEY MEXICO CAS,17000,29.83,507110
8/11/2014,2:18:00 PM,GRUPO BURSATIL MEXICANO,MORGAN STANLEY MEXICO CAS,200,29.86,5972
8/11/2014,2:19:00 PM,MERRILL LYNCH,MORGAN STANLEY MEXICO CAS,2582,29.86,77098.52
8/11/2014,2:19:00 PM,MERRILL LYNCH,MORGAN STANLEY MEXICO CAS,500,29.86,14930
8/11/2014,2:19:00 PM,MERRILL LYNCH,MORGAN STANLEY MEXICO CAS,100,29.86,2986
8/11/2014,2:19:00 PM,MERRILL LYNCH,MORGAN STANLEY MEXICO CAS,100,29.86,2986
8/11/2014,2:19:00 PM,MERRILL LYNCH,MORGAN STANLEY MEXICO CAS,100,29.86,2986
8/11/2014,2:19:00 PM,MERRILL LYNCH,MORGAN STANLEY MEXICO CAS,46618,29.86,1392013.48
8/11/2014,2:20:00 PM,MERRILL LYNCH,MORGAN STANLEY MEXICO CAS,15000,29.86,447900
8/11/2014,2:20:00 PM,MERRILL LYNCH,MORGAN STANLEY MEXICO CAS,100,29.86,2986
8/11/2014,2:20:00 PM,MERRILL LYNCH,MORGAN STANLEY MEXICO CAS,100,29.86,2986
8/11/2014,2:20:00 PM,MERRILL LYNCH,MORGAN STANLEY MEXICO CAS,84800,29.86,2532128
8/11/2014,2:20:00 PM,MERRILL LYNCH,MORGAN STANLEY MEXICO CAS,15000,29.86,447900
8/11/2014,2:20:00 PM,MERRILL LYNCH,MORGAN STANLEY MEXICO CAS,100,29.86,2986
8/11/2014,2:20:00 PM,MERRILL LYNCH,MORGAN STANLEY MEXICO CAS,100,29.86,2986
8/11/2014,2:20:00 PM,MERRILL LYNCH,MORGAN STANLEY MEXICO CAS,73582,29.86,2197158.52
8/11/2014,2:20:00 PM,MERRILL LYNCH,MORGAN STANLEY MEXICO CAS,100,29.86,2986
8/11/2014,2:20:00 PM,MERRILL LYNCH,MORGAN STANLEY MEXICO CAS,100,29.86,2986
8/11/2014,2:20:00 PM,UBS CASA DE BOLSA S.A.,HSBCB CASA DE BOLSA,200,29.83,5966
8/11/2014,2:20:00 PM,GRUPO BURSATIL MEXICANO,HSBCB CASA DE BOLSA,400,29.83,11932
8/11/2014,2:20:00 PM,MORGAN STANLEY MEXICO CAS,HSBCB CASA DE BOLSA,100,29.82,2982
8/11/2014,2:20:00 PM,MERRILL LYNCH,HSBCB CASA DE BOLSA,3488,29.8,103942.4
8/11/2014,2:21:00 PM,MERRILL LYNCH,INTERACCIONES CASA DE BOL,1200,29.86,35832
8/11/2014,2:21:00 PM,MERRILL LYNCH,MORGAN STANLEY MEXICO CAS,100,29.86,2986
8/11/2014,2:21:00 PM,MERRILL LYNCH,MORGAN STANLEY MEXICO CAS,100,29.86,2986
8/11/2014,2:21:00 PM,MERRILL LYNCH,MORGAN STANLEY MEXICO CAS,800,29.86,23888
8/11/2014,2:22:00 PM,MERRILL LYNCH,MORGAN STANLEY MEXICO CAS,373,29.86,11137.78
8/11/2014,2:22:00 PM,GRUPO BURSATIL MEXICANO,MORGAN STANLEY MEXICO CAS,100,29.86,2986
8/11/2014,2:26:00 PM,GRUPO BURSATIL MEXICANO,MORGAN STANLEY MEXICO CAS,200,29.86,5972
8/11/2014,2:29:00 PM,GRUPO BURSATIL MEXICANO,MORGAN STANLEY MEXICO CAS,200,29.86,5972
8/11/2014,2:30:00 PM,VALORES FINAMEX,MORGAN STANLEY MEXICO CAS,100,29.8,2980
8/11/2014,2:31:00 PM,GRUPO BURSATIL MEXICANO,MORGAN STANLEY MEXICO CAS,200,29.86,5972
